450465,Glass
424694,Bohemian Rhapsody
480530,Creed II
401469,Widows
483906,Polar
332562,A Star Is Born
504172,The Mule
369972,First Man
433249,IO
452832,Serenity
401847,Can You Ever Forgive Me?
505954,T-34
375262,The Favourite
465914,If Beale Street Could Talk
337167,Fifty Shades Freed
405774,Bird Box
429197,Vice
490132,Green Book
443055,Love of My Life
487558,BlacKkKlansman
440626,Sobibor
157336,Interstellar
489999,Searching
263115,Logan
49017,Dracula Untold
399360,Alpha
451915,Beautiful Boy
484247,A Simple Favor
500852,Miss Bala
426426,Roma
400535,Sicario: Day of the Soldado
446021,Bad Times at the El Royale
375785,Then Came You
414919,Hart Beat
447332,A Quiet Place
315635,Spider-Man: Homecoming
470044,The Hate U Give
155,The Dark Knight
210577,Gone Girl
8966,Twilight
205596,The Imitation Game
150540,Inside Out
316029,The Greatest Showman
455207,Crazy Rich Asians
491472,At Eternity's Gate
169917,A Walk Among the Tombstones
458594,Peppermint
286217,The Martian
417261,Forever My Girl
324786,Hacksaw Ridge
242582,Nightcrawler
407436,Mowgli: Legend of the Jungle
520360,King of Thieves
194662,Birdman
533148,Ek Ladki Ko Dekha Toh Aisa Laga
399055,The Shape of Water
475132,A Private War
168508,Something in the Way
49026,The Dark Knight Rises
433288,1%
546765,Yuki no Hana
374720,Dunkirk
272,Batman Begins
340613,The Wife
244786,Whiplash
516716,Milly & Mamet
281957,The Revenant
395990,Death Wish
489930,Blindspotting
466411,Speed Kills
398818,Call Me by Your Name
329865,Arrival
361292,Suspiria
398173,The House That Jack Built
307081,Southpaw
537996,The Ballad of Buster Scruggs
65754,The Girl with the Dragon Tattoo
566512,Crucible of the Vampire
254128,San Andreas
429351,12 Strong
49047,Gravity
216015,Fifty Shades of Grey
313369,La La Land
228150,Fury
446101,Assassination Nation
575185,The Yellow Jacket
16869,Inglourious Basterds
168259,Furious 7
372058,Your Name.
440472,The Upside
381284,Hidden Figures
359940,"Three Billboards Outside Ebbing, Missouri"
525946,Troop Zero
150689,Cinderella
315837,Ghost in the Shell
350,The Devil Wears Prada
106646,The Wolf of Wall Street
484436,Animas
438808,White Boy Rick
454227,Outlaw King
504437,Sarvam Thaala Mayam
419743,Disobedience
241554,Run All Night
401545,Everybody Knows
458737,First Reformed
1949,Zodiac
559770,twelves.
312221,Creed
264660,Ex Machina
281338,War for the Planet of the Apes
4922,The Curious Case of Benjamin Button
455980,Tag
334543,Lion
11324,Shutter Island
11036,The Notebook
472451,Boy Erased
68718,Django Unchained
438145,Black '47
570168,Unheimlich perfekte Freunde
346672,Underworld: Blood Wars
62764,Mirror Mirror
11321,Seven Pounds
152601,Her
491584,Burning
58595,Snow White and the Huntsman
566100,Keluarga Cemara
425972,Cargo
432301,Chappaquiddick
468362,The Angel
391713,Lady Bird
24021,The Twilight Saga: Eclipse
440161,The Sisters Brothers
467952,The Catcher Was a Spy
176147,Secret Love: The Schoolboy and the Mailwoman
341174,Fifty Shades Darker
77338,The Intouchables
489931,American Animals
147441,Exodus: Gods and Kings
576503,Wasteland
419478,Midnight Sun
569547,Black Mirror: Bandersnatch
18239,The Twilight Saga: New Moon
363676,Sully
296096,Me Before You
273248,The Hateful Eight
76203,12 Years a Slave
274857,King Arthur: Legend of the Sword
53182,300: Rise of an Empire
462391,Aan Devathai
446354,The Post
507076,Climax
384018,Fast & Furious Presents: Hobbs & Shaw
381283,mother!
496274,The Thinning: New World Order
17979,A Christmas Carol
12783,The Duchess
419831,I Kill Giants
448776,A Prayer Before Dawn
1124,The Prestige
395992,Life
543711,Carmen - Met Opera Live
571419,Saving Leningrad
470894,At First Light
548932,The Day's Organ
568709,Preman Pensiun
443009,"Don't Worry, He Won't Get Far on Foot"
273481,Sicario
72190,World War Z
429203,The Old Man & the Gun
15472,The Girl with the Dragon Tattoo
487670,The Death of Superman
440298,Cold War
462919,Sierra Burgess Is a Loser
500919,211
265208,Wild Card
400579,Tully
406997,Wonder
119450,Dawn of the Planet of the Apes
340666,Nocturnal Animals
433498,Papillon
514619,Nobody's Fool
457136,Mary Queen of Scots
64682,The Great Gatsby
433683,History of the First Kazakh Khans. The Diamond Sword
254,King Kong
459910,Braven
449924,Ip Man 4
399905,Female War: A Nasty Deal
472734,Dumplin'
418827,Sister's Younger Husband
414191,Our House
2502,The Bourne Supremacy
474354,22 July
393519,Raw
340674,Dark Crimes
61791,Rise of the Planet of the Apes
652,Troy
11130,The Princess Diaries 2: Royal Engagement
429415,Extinction
1422,The Departed
12162,The Hurt Locker
392044,Murder on the Orient Express
449176,"Love, Simon"
301337,Downsizing
378064,A Silent Voice
168672,American Hustle
335797,Sing
20662,Robin Hood
253412,Everest
1402,The Pursuit of Happyness
45269,The King's Speech
406990,What Happened to Monday
460071,Lizzie
476292,Maquia: When the Promised Flower Blooms
146233,Prisoners
50620,The Twilight Saga: Breaking Dawn - Part 2
201088,Blackhat
6977,No Country for Old Men
502682,Book Club
44214,Black Swan
283350,Before We Go
787,Mr. & Mrs. Smith
38,Eternal Sunshine of the Spotless Mind
64690,Drive
278927,The Jungle Book
491622,Manikarnika
171274,Inherent Vice
120467,The Grand Budapest Hotel
2503,The Bourne Ultimatum
483184,Dogman
293768,Kidnap
296524,Deepwater Horizon
400617,Phantom Thread
7840,"10,000 BC"
122906,About Time
465136,Every Day
2567,The Aviator
530442,"My Teacher, My Obsession"
220882,London Fields
302946,The Accountant
384680,Hostiles
449459,The Vanishing
1417,Pan's Labyrinth
470229,Summer of 84
339692,Shot Caller
82695,Les Mis√©rables
399404,Darkest Hour
500475,SuperFly
443463,Leave No Trace
44264,True Grit
464502,Acrimony
345938,The Shack
254320,The Lobster
385360,Billionaire Boys Club
4349,The Kingdom
254172,Fathers and Daughters
346685,The Girl on the Train
389015,"I, Tonya"
44115,127 Hours
455108,The Little Stranger
290595,The Huntsman: Winter's War
68734,Argo
124905,Godzilla
572667,Terlalu Tampan
283366,Miss Peregrine's Home for Peculiar Children
70,Million Dollar Baby
454652,Colette
493900,303
37799,The Social Network
109424,Captain Phillips
353326,The Man Who Knew Infinity
396371,Molly's Game
338766,Hell or High Water
395841,Hold the Dark
193756,Lone Survivor
1495,Kingdom of Heaven
84892,The Perks of Being a Wallflower
557648,Rent
68724,Elysium
514933,Russian Psycho
451925,Time Freak
110415,Snowpiercer
261470,Sorry If I Call You Love
376867,Moonlight
503346,Occupation
154400,The Drop
13223,Gran Torino
121046,Eternity
446791,All the Money in the World
82693,Silver Linings Playbook
429200,Good Time
453201,The 15:17 to Paris
75780,Jack Reacher
400710,Flatliners
274479,Joy
515916,Girl
486947,The Guilty
339103,Gotti
399170,Logan Lucky
395834,Wind River
300671,13 Hours: The Secret Soldiers of Benghazi
41233,Step Up 3D
295011,Patient Zero
339877,Loving Vincent
41592,StreetDance 3D
333371,10 Cloverfield Lane
72570,The Vow
398181,You Were Never Really Here
332567,The Shallows
370663,Below Her Mouth
116745,The Secret Life of Walter Mitty
302401,Snowden
13374,Ice Princess
1246,Rocky Balboa
505192,Shoplifters
196867,Annie
152532,Dallas Buyers Club
222935,The Fault in Our Stars
112160,Sexual Chronicles of a French Family
60308,Moneyball
1372,Blood Diamond
345920,Collateral Beauty
314365,Spotlight
399057,The Killing of a Sacred Deer
4348,Pride & Prejudice
401905,Fahrenheit 451
417678,"Everything, Everything"
12405,Slumdog Millionaire
412862,Ratsasan
87827,Life of Pi
379149,The Foreigner
39254,Real Steel
186,Lucky Number Slevin
470333,Hearts Beat Loud
318846,The Big Short
1164,Babel
4964,Knocked Up
27,9 Songs
4982,American Gangster
429417,Ghost Stories
10947,High School Musical
381289,A Dog's Purpose
339988,The Circle
1427,Perfume: The Story of a Murderer
492258,Cocaine Godmother
1579,Apocalypto
8321,In Bruges
205587,The Judge
82682,Gangster Squad
491418,Instant Family
